Course Name,Description,Course Type,Duration,Modules,Topics
Курс UI/UX designer: з нуля до роботи в IT,"Щоразу, коли ти користуєшся сайтом або застосунком, ти бачиш їхню роботу. UI/UX дизайнери створюють дизайн інтерфейсів та роблять їх інтуїтивно зрозумілими. Вони також адаптують дизайни для різних пристроїв і проводять дослідження користувачів, щоб удосконалювати свої рішення. Вражає, чи не так?",Full-Time,4 місяці,13,39
Курс UI/UX designer: з нуля до роботи в IT,"Щоразу, коли ти користуєшся сайтом або застосунком, ти бачиш їхню роботу. UI/UX дизайнери створюють дизайн інтерфейсів та роблять їх інтуїтивно зрозумілими. Вони також адаптують дизайни для різних пристроїв і проводять дослідження користувачів, щоб удосконалювати свої рішення. Вражає, чи не так?",Flex,8 місяців,13,39
Курс Data analyst: з нуля до роботи в IT,"Щоразу, коли ти користуєшся сайтом або застосунком, Data analyst збирає і аналізує дані для покращення твого досвіду. Вони створюють звіти, які допомагають бізнесам приймати обґрунтовані рішення. Вони також користуються різними інструментами та техніками для аналізу тенденцій. Вражає, чи не так?",Full-Time,3 місяці,16,54
Курс Data analyst: з нуля до роботи в IT,"Щоразу, коли ти користуєшся сайтом або застосунком, Data analyst збирає і аналізує дані для покращення твого досвіду. Вони створюють звіти, які допомагають бізнесам приймати обґрунтовані рішення. Вони також користуються різними інструментами та техніками для аналізу тенденцій. Вражає, чи не так?",Flex,5 місяців,16,54
Курс QA engineer: з нуля до роботи в IT,"Щоразу, коли ти користуєшся сайтом або застосунком, ти бачиш результат їхньої роботи. QA-engineers тестують програмне забезпечення та покращують його швидкість, виявляючи і виправляючи помилки. Вони також складають детальні плани тестування та автоматизують цей процес. Вражає, чи не так?",Full-Time,3 місяці,23,37
Курс QA engineer: з нуля до роботи в IT,"Щоразу, коли ти користуєшся сайтом або застосунком, ти бачиш результат їхньої роботи. QA-engineers тестують програмне забезпечення та покращують його швидкість, виявляючи і виправляючи помилки. Вони також складають детальні плани тестування та автоматизують цей процес. Вражає, чи не так?",Flex,5 місяців,23,37
Курс Python developer: з нуля до роботи в IT,"Щоразу, коли ти користуєшся сайтом або застосунком, ти бачиш результат їхньої роботи. Python developers пишуть і підтримують код, розробляють вебзастосунки, працюють з різними фреймворками та бібліотеками. Вони також займаються аналізом даних та машинним навчанням. Вражає, чи не так?",Full-Time,4 місяці,21,57
Курс Python developer: з нуля до роботи в IT,"Щоразу, коли ти користуєшся сайтом або застосунком, ти бачиш результат їхньої роботи. Python developers пишуть і підтримують код, розробляють вебзастосунки, працюють з різними фреймворками та бібліотеками. Вони також займаються аналізом даних та машинним навчанням. Вражає, чи не так?",Flex,7 місяців,21,57
Курс Digital marketer : з нуля до роботи в IT,"Щоразу, коли ти бачиш онлайн-рекламу або отримуєш цільовий email, ти стикаєшся з роботою Digital marketer. Вони створюють і управляють рекламними кампаніями, аналізують їхню ефективність та оптимізують контент для різних каналів. Вони також займаються SEO та розробкою стратегій у соціальних мережах. Вражає, чи не так?",Full-Time,3 місяці,11,38
Курс Digital marketer : з нуля до роботи в IT,"Щоразу, коли ти бачиш онлайн-рекламу або отримуєш цільовий email, ти стикаєшся з роботою Digital marketer. Вони створюють і управляють рекламними кампаніями, аналізують їхню ефективність та оптимізують контент для різних каналів. Вони також займаються SEO та розробкою стратегій у соціальних мережах. Вражає, чи не так?",Flex,4 місяці,11,38
Курс Front-end developer: з нуля до роботи в IT,"Щоразу, коли ти користуєшся сайтом або застосунком, ти бачиш результат їхньої роботи. Front-end developers розробляють візуальні елементи та інтерфейси, адаптують їх для різних пристроїв і додають анімацію. Вони також працюють з базами даних. Вражає, чи не так?",Full-Time,4 місяці,23,55
Курс Front-end developer: з нуля до роботи в IT,"Щоразу, коли ти користуєшся сайтом або застосунком, ти бачиш результат їхньої роботи. Front-end developers розробляють візуальні елементи та інтерфейси, адаптують їх для різних пристроїв і додають анімацію. Вони також працюють з базами даних. Вражає, чи не так?",Flex,7 місяців,23,55
Курс Full-stack developer: з нуля до роботи в IT,"Щоразу, коли ти користуєшся сайтом або застосунком, ти бачиш результат їхньої роботи. Full-stack developers працюють як з фронтенд, так і з бекенд розробкою, створюють цілісні застосунки і забезпечують безперебійний досвід їхнього використання. Вони також управляють базами даних і серверною логікою. Вражає, чи не так?",Full-Time,4 місяці,26,55
Курс Full-stack developer: з нуля до роботи в IT,"Щоразу, коли ти користуєшся сайтом або застосунком, ти бачиш результат їхньої роботи. Full-stack developers працюють як з фронтенд, так і з бекенд розробкою, створюють цілісні застосунки і забезпечують безперебійний досвід їхнього використання. Вони також управляють базами даних і серверною логікою. Вражає, чи не так?",Flex,8 місяців,26,55
Курс DevOps engineer: з нуля до роботи в IT,"Щоразу, коли ти користуєшся сайтом або застосунком, ти бачиш результат роботи DevOps engineer. Вони спрощують процеси розробки, автоматизують управління інфраструктурою, забезпечують безперервну інтеграцію, а також слідкують за продуктивністю системи. Окрім того, займаються налаштуванням хмарних сервісів та їх конфігураціями. Вражає, чи не так?",Full-Time,3 місяці,21,48
Курс DevOps engineer: з нуля до роботи в IT,"Щоразу, коли ти користуєшся сайтом або застосунком, ти бачиш результат роботи DevOps engineer. Вони спрощують процеси розробки, автоматизують управління інфраструктурою, забезпечують безперервну інтеграцію, а також слідкують за продуктивністю системи. Окрім того, займаються налаштуванням хмарних сервісів та їх конфігураціями. Вражає, чи не так?",Flex,4 місяці,21,48
Курс Java developer: з нуля до роботи в IT,"Щоразу, коли ти користуєшся сайтом або застосунком, ти бачиш результат їхньої роботи. Java developers не лише пишуть і підтримують код, а й розробляють надійні застосунки, які відзначаються високою продуктивністю та масштабованістю. Вони також управляють базами даних і серверною логікою. Вражає, чи не так?",Full-Time,3 місяці,19,64
Курс Java developer: з нуля до роботи в IT,"Щоразу, коли ти користуєшся сайтом або застосунком, ти бачиш результат їхньої роботи. Java developers не лише пишуть і підтримують код, а й розробляють надійні застосунки, які відзначаються високою продуктивністю та масштабованістю. Вони також управляють базами даних і серверною логікою. Вражає, чи не так?",Flex,8 місяців,19,64
Курс Recruiter: з нуля до роботи в IT,"Коли ти знаходиш нову роботу чи наймаєш співробітника — це результат роботи рекрутерів. Вони займаються пошуком кандидатів, підбирають кандидатів під конкретні ролі, а також допомагають з адаптацією нових працівників. Вражає, чи не так?",Full-Time,3 місяці,9,32
Курс Recruiter: з нуля до роботи в IT,"Коли ти знаходиш нову роботу чи наймаєш співробітника — це результат роботи рекрутерів. Вони займаються пошуком кандидатів, підбирають кандидатів під конкретні ролі, а також допомагають з адаптацією нових працівників. Вражає, чи не так?",Flex,4 місяці,9,32
Курс Automation QA engineer: підвищення кваліфікації,"Щоразу, коли ти користуєшся сайтом або застосунком, ти бачиш результат роботи Automation QA Engineers. Вони створюють автоматизовані тести, що дозволяють швидше виявляти помилки та проблеми з програмним забезпеченням. Хочеш просунутися по кар'єрі QA і стати Automation QA Engineer? Тоді цей курс точно для тебе!",Full-Time,3 місяці,14,50
Курс Automation QA engineer: підвищення кваліфікації,"Щоразу, коли ти користуєшся сайтом або застосунком, ти бачиш результат роботи Automation QA Engineers. Вони створюють автоматизовані тести, що дозволяють швидше виявляти помилки та проблеми з програмним забезпеченням. Хочеш просунутися по кар'єрі QA і стати Automation QA Engineer? Тоді цей курс точно для тебе!",Flex,5 місяців,14,50
